PA,LR,IS,label
-0.000498891979642655,-0.00984485112513775,-0.00515606995524606,L1
0.00930110802035734,-0.00984485112513775,-0.00324423985858254,L2
0.0193011080203573,-0.00984485112513775,-0.00317387300685571,L3
0.0292011080203573,-0.00984485112513775,-0.00394395598611398,L4
-0.000498891979642655,0.00975514887486225,-0.00587005844981502,R1
0.00940110802035735,0.00975514887486225,-0.00430725358721856,R2
0.0193011080203573,0.00975514887486225,-0.00340632281527692,R3
0.0292011080203573,0.00975514887486225,-0.00480114404528408,R4
